Domain,Rank
google.com,1
netflix.com,2
ftl.netflix.com,3
prod.ftl.netflix.com,4
api-global.netflix.com,5
microsoft.com,6
www.google.com,7
nrdp.prod.ftl.netflix.com,8
ichnaea.netflix.com,9
netflix.net,10
partner.netflix.net,11
prod.partner.netflix.net,12
preapp.prod.partner.netflix.net,13
data.microsoft.com,14
events.data.microsoft.com,15
windowsupdate.com,16
ctldl.windowsupdate.com,17
safebrowsing.googleapis.com,18
live.com,19
settings-win.data.microsoft.com,20
clientservices.googleapis.com,21
doubleclick.net,22
apple.com,23
g.doubleclick.net,24
microsoftonline.com,25
login.microsoftonline.com,26
officeapps.live.com,27
facebook.com,28
googleusercontent.com,29
google-analytics.com,30
prod.netflix.com,31
push.prod.netflix.com,32
play.google.com,33
www.googleapis.com,34
office.com,35
update.googleapis.com,36
www.google-analytics.com,37
bing.com,38
amazonaws.com,39
fonts.googleapis.com,40
googleads.g.doubleclick.net,41
akamaiedge.net,42
nexusrules.officeapps.live.com,43
akadns.net,44
office365.com,45
self.events.data.microsoft.com,46
mp.microsoft.com,47
com.akadns.net,48
icloud.com,49
clients4.google.com,50
skype.com,51
v10.events.data.microsoft.com,52
lencr.org,53
mtalk.google.com,54
youtube.com,55
outlook.office365.com,56
msn.com,57
ls.apple.com,58
lh3.googleusercontent.com,59
itunes.apple.com,60
teams.microsoft.com,61
aaplimg.com,62
adservice.google.com,63
www.apple.com,64
googletagmanager.com,65
www.googletagmanager.com,66
content-autofill.googleapis.com,67
office.net,68
yahoo.com,69
c.lencr.org,70
x1.c.lencr.org,71
aria.microsoft.com,72
pipe.aria.microsoft.com,73
accounts.google.com,74
g.aaplimg.com,75
edge.skype.com,76
config.edge.skype.com,77
googlesyndication.com,78
login.live.com,79
outlook.office.com,80
windows.net,81
apple-dns.net,82
dsp.mp.microsoft.com,83
www.facebook.com,84
googleadservices.com,85
clients6.google.com,86
stats.g.doubleclick.net,87
config.teams.microsoft.com,88
digicert.com,89
www.youtube.com,90
www.bing.com,91
fe.apple-dns.net,92
substrate.office.com,93
play.googleapis.com,94
push.apple.com,95
browser.pipe.aria.microsoft.com,96
ytimg.com,97
do.dsp.mp.microsoft.com,98
prod.do.dsp.mp.microsoft.com,99
i.ytimg.com,100
pagead2.googlesyndication.com,101
www.googleadservices.com,102
nrdp52-appboot.netflix.com,103
teams.events.data.microsoft.com,104
roaming.officeapps.live.com,105
dscx.akamaiedge.net,106
edge.microsoft.com,107
time.apple.com,108
gateway.icloud.com,109
storage.googleapis.com,110
app-measurement.com,111
presence.teams.microsoft.com,112
fbcdn.net,113
gateway.fe.apple-dns.net,114
e6858.dscx.akamaiedge.net,115
ocsp.digicert.com,116
api.msn.com,117
graph.facebook.com,118
gvt2.com,119
ecs.office.com,120
time-osx.g.aaplimg.com,121
docs.google.com,122
clients2.google.com,123
windows.com,124
secure.netflix.com,125
apis.google.com,126
tpc.googlesyndication.com,127
gcp.gvt2.com,128
signaler-pa.clients6.google.com,129
scorecardresearch.com,130
weather.microsoft.com,131
outlook.com,132
nflxso.net,133
facebook.net,134
connect.facebook.net,135
sharepoint.com,136
beacons.gcp.gvt2.com,137
sb.scorecardresearch.com,138
1.nflxso.net,139
cdn.office.net,140
ogs.google.com,141
www.icloud.com,142
msedge.net,143
opendns.com,144
delivery.mp.microsoft.com,145
akamai.net,146
smartscreen-prod.microsoft.com,147
dsce9.akamaiedge.net,148
tile-service.weather.microsoft.com,149
amazon.com,150
googlevideo.com,151
lh5.googleusercontent.com,152
measure.office.com,153
fp.measure.office.com,154
xx.fbcdn.net,155
cloudflare.com,156
a.akamaiedge.net,157
init.itunes.apple.com,158
addons-pa.clients6.google.com,159
googletagservices.com,160
www.googletagservices.com,161
res.office365.com,162
ic3.events.data.microsoft.com,163
core.windows.net,164
apple.com.akadns.net,165
mesu.apple.com,166
upload.fp.measure.office.com,167
bag.itunes.apple.com,168
blob.core.windows.net,169
clients.google.com,170
android.clients.google.com,171
v20.events.data.microsoft.com,172
demdex.net,173
adnxs.com,174
ggpht.com,175
r4.res.office365.com,176
configuration.ls.apple.com,177
weather-data.apple.com,178
l.google.com,179
pki.goog,180
ad.doubleclick.net,181
securepubads.g.doubleclick.net,182
storage.live.com,183
iphone-ld.apple.com,184
graph.microsoft.com,185
twitter.com,186
amazon-adsystem.com,187
activity.windows.com,188
cm.g.doubleclick.net,189
instagram.com,190
ocsp.pki.goog,191
beacons.gvt2.com,192
e673.dsce9.akamaiedge.net,193
gs-loc.apple.com,194
mail.google.com,195
update.microsoft.com,196
login.windows.net,197
gvt1.com,198
safebrowsing.google.com,199
dpm.demdex.net,200
itunes-apple.com.akadns.net,201
adsrvr.org,202
smoot.apple.com,203
business.bing.com,204
delve.office.com,205
akamaized.net,206
yt3.ggpht.com,207
clients3.google.com,208
arc.msn.com,209
rubiconproject.com,210
loki.delve.office.com,211
gsp-ssl.ls.apple.com,212
lh3.google.com,213
assets.msn.com,214
id.google.com,215
pubmatic.com,216
go.microsoft.com,217
safebrowsing.apple,218
msftconnecttest.com,219
smartscreen.microsoft.com,220
edgekey.net,221
guzzoni.apple.com,222
nr-data.net,223
ib.adnxs.com,224
cdnjs.cloudflare.com,225
edge-mqtt.facebook.com,226
rlcdn.com,227
2mdn.net,228
ocsp2.apple.com,229
icloud.com.akadns.net,230
android.googleapis.com,231
manage.microsoft.com,232
ls-apple.com.akadns.net,233
analytics.yahoo.com,234
xp.apple.com,235
checkappexec.microsoft.com,236
people-pa.clients6.google.com,237
c10r.facebook.com,238
www.msftconnecttest.com,239
casalemedia.com,240
adobe.com,241
init.push.apple.com,242
www-cdn.icloud.com.akadns.net,243
proxy.safebrowsing.apple,244
config.office.net,245
clients.config.office.net,246
s0.2mdn.net,247
ade.googlesyndication.com,248
origin-apple.com.akadns.net,249
e4478.a.akamaiedge.net,250
aa.google.com,251
fe3cr.delivery.mp.microsoft.com,252
officeclient.microsoft.com,253
openx.net,254
com.edgekey.net,255
beacons2.gvt2.com,256
msg.teams.microsoft.com,257
ng.msg.teams.microsoft.com,258
safeframe.googlesyndication.com,259
web.facebook.com,260
notifications.teams.microsoft.com,261
msftncsi.com,262
fastly.net,263
me.gvt1.com,264
edgedl.me.gvt1.com,265
oauthaccountmanager.googleapis.com,266
googleads4.g.doubleclick.net,267
criteo.com,268
moatads.com,269
match.adsrvr.org,270
ssl.google-analytics.com,271
bidswitch.net,272
inappcheck.itunes.apple.com,273
beacons3.gvt2.com,274
gateway.facebook.com,275
azure.com,276
beacons4.gvt2.com,277
ess.apple.com,278
e2ro.com,279
ajax.googleapis.com,280
linkedin.com,281
taboola.com,282
ntp.org,283
pool.ntp.org,284
node.e2ro.com,285
youtubei.googleapis.com,286
trafficmanager.net,287
x.bidswitch.net,288
advertising.com,289
newrelic.com,290
gsp64-ssl.ls.apple.com,291
us-east-1.elb.amazonaws.com,292
snapchat.com,293
ups.analytics.yahoo.com,294
s.amazon-adsystem.com,295
configuration.apple.com,296
drive.google.com,297
whatsapp.net,298
odc.officeapps.live.com,299
c.amazon-adsystem.com,300
client-channel.google.com,301
gmail.com,302
geo.prod.do.dsp.mp.microsoft.com,303
scontent.xx.fbcdn.net,304
dl.delivery.mp.microsoft.com,305
graph.instagram.com,306
amer.ng.msg.teams.microsoft.com,307
spotify.com,308
c.bing.com,309
bluekai.com,310
enterprise.activity.windows.com,311
dns.msftncsi.com,312
agkn.com,313
gsp85-ssl.ls.apple.com,314
kmu-update.ch,315
swisscom.ch,316
tlu.dl.delivery.mp.microsoft.com,317
3lift.com,318
adsafeprotected.com,319
firebaselogging-pa.googleapis.com,320
safesearch.googleapis.com,321
star.c10r.facebook.com,322
query.yahoo.com,323
g.akamaiedge.net,324
pixel.advertising.com,325
akamaihd.net,326
pixel.rubiconproject.com,327
autodiscover-s.outlook.com,328
quantserve.com,329
mathtag.com,330
browser.events.data.microsoft.com,331
acdc-direct.office.com,332
nexus.officeapps.live.com,333
inappcheck-lb.itunes-apple.com.akadns.net,334
tapad.com,335
apple.com.edgekey.net,336
www.microsoft.com,337
ampproject.org,338
krxd.net,339
cdn.ampproject.org,340
doubleverify.com,341
e2clock.gcp.gvt2.com,342
contacts.google.com,343
fna.fbcdn.net,344
licensing.mp.microsoft.com,345
cloudapp.azure.com,346
v.aaplimg.com,347
ocws.officeapps.live.com,348
bam-cell.nr-data.net,349
peoplestackwebexperiments-pa.clients6.google.com,350
js-agent.newrelic.com,351
crashlytics.com,352
fcmconnection.googleapis.com,353
ybp.yahoo.com,354
us-u.openx.net,355
z.moatads.com,356
imap.gmail.com,357
azureedge.net,358
i.instagram.com,359
metrics.icloud.com,360
peoplestack-pa.clients6.google.com,361
static.doubleclick.net,362
slscr.update.microsoft.com,363
gum.criteo.com,364
bat.bing.com,365
maps.googleapis.com,366
measure.office.net,367
nel.measure.office.net,368
nav.smartscreen.microsoft.com,369
atm-fp-direct.office.com,370
spotxchange.com,371
dscapi6.akamaiedge.net,372
e69896.dscapi6.akamaiedge.net,373
search.spotxchange.com,374
play.itunes.apple.com,375
px.moatads.com,376
keyvalueservice.fe.apple-dns.net,377
crwdcntrl.net,378
init.ess.apple.com,379
beacon.krxd.net,380
mzstatic.com,381
tools.google.com,382
protection.outlook.com,383
secure.adnxs.com,384
asyncgw.teams.microsoft.com,385
sync.mathtag.com,386
appsflyer.com,387
adform.net,388
ha.office365.com,389
outlook.ha.office365.com,390
espresso-pa.clients6.google.com,391
addthis.com,392
pixel.quantserve.com,393
dotomi.com,394
tps.doubleverify.com,395
pixel.tapad.com,396
apple-finance.query.yahoo.com,397
yimg.com,398
wg.spotify.com,399
gspe35-ssl.ls.apple.com,400
spclient.wg.spotify.com,401
clients1.google.com,402
s.yimg.com,403
cdp.microsoft.com,404
api.cdp.microsoft.com,405
bid.g.doubleclick.net,406
msedge.api.cdp.microsoft.com,407
adobe.io,408
m.google.com,409
yahoodns.net,410
osi.office.net,411
aa.agkn.com,412
notifications-pa.googleapis.com,413
us-west-2.amazonaws.com,414
imasdk.googleapis.com,415
ocsp2-lb.apple.com.akadns.net,416
mesu-cdn.origin-apple.com.akadns.net,417
us-v20.events.data.microsoft.com,418
pr-bh.ybp.yahoo.com,419
outbrain.com,420
sfx.ms,421
lh4.googleusercontent.com,422
eb2.3lift.com,423
cdn.doubleverify.com,424
asm.skype.com,425
cdninstagram.com,426
pinterest.com,427
api.facebook.com,428
api.smoot.apple.com,429
ow1.res.office365.com,430
oneclient.sfx.ms,431
init-p01md.apple.com,432
dt.adsafeprotected.com,433
ssp.yahoo.com,434
lh6.googleusercontent.com,435
media.net,436
turn.com,437
play-lh.googleusercontent.com,438
g.whatsapp.net,439
lijit.com,440
t.co,441
tags.bluekai.com,442
omtrdc.net,443
smartadserver.com,444
fls.doubleclick.net,445
edgesuite.net,446
sfnam.loki.delve.office.com,447
www.amazon.com,448
comodoca.com,449
stags.bluekai.com,450
criteo.net,451
o.lencr.org,452
r3.o.lencr.org,453
icloud-content.com,454
safebrowsing-proxy.g.aaplimg.com,455
augloop.office.com,456
static.adsafeprotected.com,457
jsdelivr.net,458
cdn.jsdelivr.net,459
1rx.io,460
bootstrapcdn.com,461
fastlane.rubiconproject.com,462
chat.google.com,463
sync.search.spotxchange.com,464
liadm.com,465
bidr.io,466
content.office.net,467
htlb.casalemedia.com,468
img-s-msn-com.akamaized.net,469
mqtt.c10r.facebook.com,470
prod.bidr.io,471
typekit.net,472
us-prod.asyncgw.teams.microsoft.com,473
tiktokv.com,474
mobile.pipe.aria.microsoft.com,475
nrdp-ipv6.prod.ftl.netflix.com,476
teams.cdn.office.net,477
api.snapchat.com,478
support.content.office.net,479
guzzoni-apple-com.v.aaplimg.com,480
statics.teams.cdn.office.net,481
firebaseremoteconfig.googleapis.com,482
l.googleusercontent.com,483
com.edgesuite.net,484
licdn.com,485
adobedtm.com,486
pixel.adsafeprotected.com,487
sharethrough.com,488
pubads.g.doubleclick.net,489
assets.adobedtm.com,490
hbopenbid.pubmatic.com,491
ads.pubmatic.com,492
0.client-channel.google.com,493
insight.adsrvr.org,494
dscb.akamai.net,495
sectigo.com,496
match.prod.bidr.io,497
g.live.com,498
dataservice.protection.outlook.com,499
waconatm.officeapps.live.com,500
dscb.akamaiedge.net,501
sitescout.com,502
waconafd.officeapps.live.com,503
teads.tv,504
wd.microsoft.com,505
tremorhub.com,506
play-fe.googleapis.com,507
cp.wd.microsoft.com,508
d.agkn.com,509
go-mpulse.net,510
use.typekit.net,511
ads.linkedin.com,512
i.liadm.com,513
imrworldwide.com,514
inbox.google.com,515
appcenter.ms,516
pinimg.com,517
ls.apple.com.edgekey.net,518
tiktokcdn.com,519
smp-device-content.apple.com,520
people-pa.googleapis.com,521
analytics.twitter.com,522
apple.news,523
firebase-settings.crashlytics.com,524
doh.opendns.com,525
ocsp.sectigo.com,526
cookielaw.org,527
cdn.cookielaw.org,528
c.apple.news,529
fbs.smoot.apple.com,530
usertrust.com,531
download.windowsupdate.com,532
in.appcenter.ms,533
twimg.com,534
cloudflare.net,535
cdn.cloudflare.net,536
ssum-sec.casalemedia.com,537
c1.adform.net,538
sync.1rx.io,539
l.doubleclick.net,540
contextweb.com,541
eus.rubiconproject.com,542
braze.com,543
sync-tm.everesttech.net,544
trc.taboola.com,545
trafficshaping.dsp.mp.microsoft.com,546
tsfe.trafficshaping.dsp.mp.microsoft.com,547
trustarc.com,548
c.go-mpulse.net,549
branch.io,550
configuration.apple.com.akadns.net,551
px.ads.linkedin.com,552
launches.appsflyer.com,553
pixel-sync.sitescout.com,554
emxdgt.com,555
firebaseinstallations.googleapis.com,556
news-edge.apple.com,557
amazontrust.com,558
api.amazon.com,559
gspe11-ssl.ls.apple.com.edgekey.net,560
uiboot.netflix.com,561
acdn.adnxs.com,562
zemanta.com,563
chat-pa.clients6.google.com,564
adsymptotic.com,565
b.tlu.dl.delivery.mp.microsoft.com,566
msedge.b.tlu.dl.delivery.mp.microsoft.com,567
contextual.media.net,568
p.adsymptotic.com,569
id5-sync.com,570
exelator.com,571
platform.twitter.com,572
truste.com,573
fe2cr.update.microsoft.com,574
optimizationguide-pa.googleapis.com,575
cdn-apple.com,576
trouter.teams.microsoft.com,577
suite.office.com,578
gcp.api.snapchat.com,579
360yield.com,580
webshell.suite.office.com,581
api2.branch.io,582
com.cdn.cloudflare.net,583
classroom.google.com,584
appsforoffice.microsoft.com,585
token.rubiconproject.com,586
crl3.digicert.com,587
hotjar.com,588
c.msn.com,589
bh.contextweb.com,590
bam.nr-data.net,591
simage2.pubmatic.com,592
static.xx.fbcdn.net,593
hicloud.com,594
rtb0.doubleverify.com,595
geo.moatads.com,596
jquery.com,597
code.jquery.com,598
dds.microsoft.com,599
mb.moatads.com,600
nel.cloudflare.com,601
a.nel.cloudflare.com,602
us-api.asm.skype.com,603
dsum-sec.casalemedia.com,604
image6.pubmatic.com,605
gspe1-ssl.ls.apple.com,606
setup.icloud.com,607
googlehosted.l.googleusercontent.com,608
w55c.net,609
flashtalking.com,610
thawte.com,611
webex.com,612
ocsp.usertrust.com,613
pbs.twimg.com,614
bugsnag.com,615
cl5.apple.com,616
me.apple-dns.net,617
us-east4-gcp.api.snapchat.com,618
intel.com,619
cc-api-data.adobe.io,620
rfihub.com,621
bcp.crwdcntrl.net,622
ads-twitter.com,623
static.ads-twitter.com,624
android.com,625
media-amazon.com,626
b-graph.facebook.com,627
static.hotjar.com,628
simpli.fi,629
mozilla.com,630
m.media-amazon.com,631
captive.apple.com,632
services.mozilla.com,633
optimizely.com,634
sc-cdn.net,635
maxcdn.bootstrapcdn.com,636
sentry.io,637
mookie1.com,638
aspnetcdn.com,639
ajax.aspnetcdn.com,640
live.net,641
fontawesome.com,642
gspe79-ssl.ls.apple.com,643
gs-loc-new.ls-apple.com.akadns.net,644
app-analytics-v2.snapchat.com,645
www-google-analytics.l.google.com,646
dis.criteo.com,647
choices.truste.com,648
www.linkedin.com,649
tlx.3lift.com,650
zoom.us,651
g03.yahoodns.net,652
s.youtube.com,653
choices.trustarc.com,654
servedby.flashtalking.com,655
push-apple.com.akadns.net,656
static.criteo.net,657
ap.lijit.com,658
valid.apple.com,659
b1sync.zemanta.com,660
p.typekit.net,661
p.rfihub.com,662
token.safebrowsing.apple,663
pancake.apple.com,664
cf-st.sc-cdn.net,665
trap.teams.microsoft.com,666
df.trap.teams.microsoft.com,667
flightproxy.teams.microsoft.com,668
match.sharethrough.com,669
verisign.com,670
indexww.com,671
mqtt-mini.facebook.com,672
c2shb.ssp.yahoo.com,673
evoke-windowsservices-tas.msedge.net,674
nleditor.osi.office.net,675
cdn.optimizely.com,676
nelreports.net,677
aax-us-east.amazon-adsystem.com,678
globalredir.akadns.net,679
net.globalredir.akadns.net,680
1-courier.push.apple.com,681
stickyadstv.com,682
onenote.net,683
js-sec.indexww.com,684
sync.crwdcntrl.net,685
us-central1-gcp.api.snapchat.com,686
csp.withgoogle.com,687
w.org,688
s.w.org,689
star-mini.c10r.facebook.com,690
aws.api.snapchat.com,691
iad-01.braze.com,692
onetrust.com,693
ad.turn.com,694
chat-e2ee-mini.facebook.com,695
sdk.iad-01.braze.com,696
tribalfusion.com,697
msgr-latest.c10r.facebook.com,698
sonobi.com,699
go.sonobi.com,700
ads.stickyadstv.com,701
fw.adsafeprotected.com,702
cdn.onenote.net,703
mvm.snapchat.com,704
beap-bc.yahoo.com,705
um.simpli.fi,706
e10499.dsce9.akamaiedge.net,707
fmfmobile.fe.apple-dns.net,708
creativecdn.com,709
image8.pubmatic.com,710
bttrack.com,711
edgekey.net.globalredir.akadns.net,712
crl.comodoca.com,713
dropbox.com,714
centralus.cloudapp.azure.com,715
apps.mzstatic.com,716
ad.360yield.com,717
s.pinimg.com,718
crl.thawte.com,719
redirector.googlevideo.com,720
iecvlist.microsoft.com,721
unrulymedia.com,722
ocsp.thawte.com,723
cl2.apple.com,724
cs.dds.microsoft.com,725
api.flightproxy.teams.microsoft.com,726
a.tribalfusion.com,727
33across.com,728
e1329.g.akamaiedge.net,729
targeting.unrulymedia.com,730
time.android.com,731
godaddy.com,732
fb.com,733
iphonesubmissions.apple.com,734
quantcount.com,735
mrodevicemgr.officeapps.live.com,736
app.snapchat.com,737
userlocation.googleapis.com,738
iadsdk.apple.com,739
dscg.akamaiedge.net,740
dlx.addthis.com,741
grammarly.com,742
i.pinimg.com,743
portal.fb.com,744
stocks-sparkline.apple.com,745
cl3.apple.com,746
mail.yahoo.com,747
sca1b.amazontrust.com,748
calendar.google.com,749
courier-push-apple.com.akadns.net,750
pippio.com,751
gs-loc.ls-apple.com.akadns.net,752
rtb-csync.smartadserver.com,753
partner.googleadservices.com,754
gsp10-ssl.apple.com,755
bidder.criteo.com,756
gsp-ssl.ls-apple.com.akadns.net,757
pm.w55c.net,758
smaato.net,759
mixpanel.com,760
sync.outbrain.com,761
idsync.analytics.yahoo.com,762
ntp.msn.com,763
duplex.snapchat.com,764
aws.duplex.snapchat.com,765
eastus.cloudapp.azure.com,766
ttlivecdn.com,767
id.rlcdn.com,768
urs.microsoft.com,769
syndication.twitter.com,770
cl4.apple.com,771
ad.smaato.net,772
cdn.whatsapp.net,773
u.openx.net,774
myanalytics.cdn.office.net,775
service.idsync.analytics.yahoo.com,776
agave.myanalytics.cdn.office.net,777
js7k.com,778
sessions.bugsnag.com,779
cdn.js7k.com,780
ocsp.godaddy.com,781
unitedstates.cp.wd.microsoft.com,782
yieldmo.com,783
geolocation.onetrust.com,784
com.edgekey.net.globalredir.akadns.net,785
nflxvideo.net,786
metaservices.microsoft.com,787
moatpixel.com,788
s.moatpixel.com,789
us-east1-aws.api.snapchat.com,790
tt.omtrdc.net,791
mail-ads.google.com,792
pendo.io,793
wbx2.com,794
dmd.metaservices.microsoft.com,795
global.fastly.net,796
youtube-ui.l.google.com,797
westus.cloudapp.azure.com,798
stackadapt.com,799
srv.stackadapt.com,800
login5.spotify.com,801
firebaseperusertopics-pa.googleapis.com,802
crl.verisign.com,803
ocsp.apple.com,804
adjust.com,805
deepintent.com,806
cc.skype.com,807
rapid7.com,808
scontent.cdninstagram.com,809
ci5.googleusercontent.com,810
dscd.akamaiedge.net,811
cisco.com,812
ads.yieldmo.com,813
kv601.prod.do.dsp.mp.microsoft.com,814
sync.targeting.unrulymedia.com,815
reddit.com,816
zeotap.com,817
ct.pinterest.com,818
apple.com.edgekey.net.globalredir.akadns.net,819
www.apple.com.edgekey.net.globalredir.akadns.net,820
messaging.office.com,821
lcdn-locator.apple.com,822
upload2.fp.measure.office.com,823
c10r.instagram.com,824
ipv6.microsoft.com,825
c.urs.microsoft.com,826
technoratimedia.com,827
ci6.googleusercontent.com,828
armmf.adobe.com,829
sync.teads.tv,830
ingress.rapid7.com,831
endpoint.ingress.rapid7.com,832
ci4.googleusercontent.com,833
pr.ybp.yahoo.com,834
passwordsleakcheck-pa.googleapis.com,835
ci3.googleusercontent.com,836
mfadsrvr.com,837
vortex.data.microsoft.com,838
clients2.googleusercontent.com,839
api.rlcdn.com,840
script.hotjar.com,841
settings.services.mozilla.com,842
data.msn.com,843
rkdms.com,844
firefox.settings.services.mozilla.com,845
d.turn.com,846
apresolve.spotify.com,847
goguardian.com,848
gumgum.com,849
ssl-images-amazon.com,850
msftauth.net,851
cdn3.doubleverify.com,852
xp.itunes-apple.com.akadns.net,853
www-googletagmanager.l.google.com,854
gcdn.2mdn.net,855
sc.omtrdc.net,856
platform.hicloud.com,857
visualstudio.com,858
msecnd.net,859
vo.msecnd.net,860
vortex-win.data.microsoft.com,861
pro-accounts.snapchat.com,862
clever.com,863
e17437.dscb.akamaiedge.net,864
match.deepintent.com,865
self-events-data.trafficmanager.net,866
image4.pubmatic.com,867
oca.nflxvideo.net,868
1.oca.nflxvideo.net,869
c.2mdn.net,870
cms.analytics.yahoo.com,871
ocsp2.g.aaplimg.com,872
treatment.grammarly.com,873
us.criteo.net,874
owneriq.net,875
b-api.facebook.com,876
tr.snapchat.com,877
rtb.mfadsrvr.com,878
amplitude.com,879
notify.adobe.io,880
translate.googleapis.com,881
cdn.flashtalking.com,882
px.owneriq.net,883
vars.hotjar.com,884
instagram.c10r.instagram.com,885
api3.cc.skype.com,886
rules.quantcount.com,887
ipredictive.com,888
dns.apple.com,889
doh.dns.apple.com,890
loadm.exelator.com,891
img-prod-cms-rt-microsoft-com.akamaized.net,892
growth-pa.googleapis.com,893
client-api.itunes.apple.com,894
cs.emxdgt.com,895
aad.cs.dds.microsoft.com,896
images-na.ssl-images-amazon.com,897
ip.goguardian.com,898
odr.mookie1.com,899
msauth.net,900
aktrack.pubmatic.com,901
insightexpressai.com,902
secure.insightexpressai.com,903
sp.analytics.yahoo.com,904
contacts.fe.apple-dns.net,905
tr.teams.microsoft.com,906
cm.everesttech.net,907
eyeota.net,908
ps.eyeota.net,909
outlook-1.cdn.office.net,910
s.ad.smaato.net,911
cdn.taboola.com,912
mozilla.org,913
apple-cloudkit.com,914
pstatp.com,915
iphone-ld.origin-apple.com.akadns.net,916
postrelease.com,917
services.visualstudio.com,918
ssc-cms.33across.com,919
iris.microsoft.com,920
api.iris.microsoft.com,921
ris.api.iris.microsoft.com,922
sync.taboola.com,923
sync.go.sonobi.com,924
use.fontawesome.com,925
dc.services.visualstudio.com,926
wns.windows.com,927
api.apple-cloudkit.com,928
cdn.branch.io,929
query.g03.yahoodns.net,930
internal.query.g03.yahoodns.net,931
geo-applefinance-cache.internal.query.g03.yahoodns.net,932
us.tiktokv.com,933
dealer.spotify.com,934
accounts.youtube.com,935
sync.srv.stackadapt.com,936
ads.yahoo.com,937
tiktok.com,938
hangouts.google.com,939
tiqcdn.com,940
init-cdn.itunes-apple.com.akadns.net,941
jadserve.postrelease.com,942
ieonlinews.microsoft.com,943
tags.tiqcdn.com,944
snat.goguardian.com,945
storequality.microsoft.com,946
storecatalogrevocation.storequality.microsoft.com,947
secure-assets.rubiconproject.com,948
fcdn.us.tiktokv.com,949
skydrive.wns.windows.com,950
secure.quantserve.com,951
evidon.com,952
unpkg.com,953
cds.taboola.com,954
ce.lijit.com,955
p16-sign-va.tiktokcdn.com,956
outlookmobile-office365-tas.msedge.net,957
dsca.akamaiedge.net,958
mozilla.net,959
dscg2.akamai.net,960
acuityplatform.com,961
data.trafficmanager.net,962
cdn.mozilla.net,963
c.evidon.com,964
aax.amazon-adsystem.com,965
image2.pubmatic.com,966
typekit.com,967
kv501.prod.do.dsp.mp.microsoft.com,968
time.windows.com,969
bitmoji.com,970
live.com.akadns.net,971
playatoms-pa.googleapis.com,972
adentifi.com,973
waluigi.goguardian.com,974
www.instagram.com,975
sync.ipredictive.com,976
b.akamaiedge.net,977
cloudsearch.googleapis.com,978
sandbox.push.apple.com,979
serving-sys.com,980
ipl.opendns.com,981
pull-hls-w16-va01.tiktokcdn.com,982
globalsign.com,983
app.adjust.com,984
instructure.com,985
lookaside.facebook.com,986
pull-cmaf-f16-sg01.tiktokcdn.com,987
stats.l.doubleclick.net,988
dyntrk.com,989
rtb.adentifi.com,990
adaptv.advertising.com,991
sb-ssl.google.com,992
partnerad.l.doubleclick.net,993
pull-cmaf-f16.tiktokcdn.com,994
partners.tremorhub.com,995
1-courier.sandbox.push.apple.com,996
pull-w5-va01.tiktokcdn.com,997
unagi-na.amazon.com,998
3gppnetwork.org,999
cloud.netflix.com,1000
